Herd_Id,Forest Area(Px),Forest Area(Sqm)
245,4370152,3933136800
246,3304543,2974088700
247,1932639,1739375100
248,9703618,8733256200
249,13022981,11720682900
250,1282695,1154425500
251,6410270,5769243000
252,3115336,2803802400
253,3492162,3142945800
254,13445848,12101263200
255,6342241,5708016900
256,4956668,4461001200
257,4763679,4287311100
258,6277126,5649413400
259,9153157,8237841300
260,9886744,8898069600
261,9327824,8395041600
262,3935876,3542288400
263,2006934,1806240600
264,4749259,4274333100
265,1282989,1154690100
266,10408112,9367300800
267,7542976,6788678400
268,14658848,13192963200
269,479955,431959500
270,18575002,16717501800
271,7260119,6534107100
272,3177818,2860036200
273,1698412,1528570800
274,1197973,1078175700
275,5818959,5237063100
276,3032819,2729537100
277,6276577,5648919300
278,3304610,2974149000
279,1352748,1217473200
280,8707004,7836303600
281,2544962,2290465800
282,10750892,9675802800
283,17725577,15953019300
284,2069386,1862447400
285,6363114,5726802600
286,3425439,3082895100
287,4792544,4313289600
288,2547364,2292627600
289,5945583,5351024700
290,4347506,3912755400
291,3767775,3390997500
292,5723057,5150751300
293,3543085,3188776500
294,1501312,1351180800
295,2877397,2589657300
296,5707505,5136754500
297,7479917,6731925300
298,8583827,7725444300
299,2006215,1805593500
